video_code,left_x,left_y,width,height
C000002,557,235,21,7
C000004,1349,85,79,28
C000006,1444,147,86,28
C000007,1278,130,88,34
C000008,1395,101,27,13
C000009,864,162,37,10
C000010,282,109,44,23
C000011,704,76,34,15
C000012,449,69,24,11
C000033,1460,137,48,20
C000035,704,44,53,19
C000036,1717,85,59,20
C000037,1688,173,74,34
C000038,1287,55,49,14
C000039,653,77,42,13
C000040,388,110,35,18
C000041,1781,135,33,17
C000042,1521,81,31,9
C000043,1180,87,25,9
C000044,997,3,116,40
C000045,1009,7,103,31
C000046,874,25,62,24
C000047,1449,64,16,6
C000048,1055,86,28,13
C000049,1047,81,25,10
C000050,1270,82,22,7
C000051,1222,82,34,12
C000059,947,50,116,31
C000060,950,48,117,36
C000061,1203,124,31,15
C000062,1200,123,35,12
C000063,662,0,138,25
C000064,941,0,184,44
C000065,568,44,118,58
C000067,1386,84,23,7
C000068,1152,52,21,7
C000080,1108,280,18,9
C000084,1155,285,19,11
C000089,1149,218,93,30
C000090,1145,219,89,30
C000091,1215,23,88,28
C000101,1604,52,49,23
C000102,1538,37,43,17
C000103,1693,94,49,20
C000104,1467,125,36,15
C000105,1397,121,30,12
C000106,1540,36,38,17
C000107,1693,94,43,16
C000108,1461,126,34,14
C000109,1389,123,35,14
C000110,1399,121,30,13
C000111,1203,50,32,12
C000112,1258,50,30,11
C000113,1205,47,33,13
C000114,1210,49,24,10
C000115,1202,71,34,14
C000116,1202,71,34,14
C000117,1253,71,31,14
C000119,1541,93,25,11
C000120,341,81,29,15
C000124,327,118,45,22
C000125,1129,94,36,12
C000126,625,115,35,16
C000127,648,110,35,13
C000129,1464,187,46,25
C000130,1444,219,41,18
C000131,1459,272,30,18
C000145,1135,24,53,24
C000146,1224,139,46,16
C000147,1217,135,56,21
C000148,1228,127,18,21
C000150,876,90,91,32
C000151,882,95,80,25
C000152,1181,395,25,10
C000156,1408,385,28,13
C000162,1196,155,46,28
C000163,1321,175,71,21
C000165,1235,160,30,15
C000166,1069,107,64,18
C000168,1315,169,93,34
C000169,1235,167,23,9
C000170,1302,119,68,20
C000172,1202,257,26,10
C000179,798,120,54,23
C000180,794,120,56,20
C000181,840,108,56,20
C000183,840,108,56,20
C000185,1411,123,78,22
C000186,1371,120,91,22
C000187,1370,123,91,22
C000188,1363,124,88,30
C000189,1363,124,88,30
C000191,1363,124,88,30
C000194,1319,63,27,12
C000195,1508,129,28,16
C000199,1399,63,34,9
C000200,1391,58,48,19
C000201,763,23,42,20
C000204,637,64,38,13
C000205,1377,46,32,14
C000213,1546,126,34,11
C000215,1216,227,44,12
C000216,1275,222,46,12
C000218,815,311,41,18
C000223,576,7,30,11
C000224,844,67,25,12
C000229,770,38,32,10
C000230,769,38,31,11
C000238,1200,279,53,17
C000239,1310,136,26,10
C000243,1236,118,26,10
C000244,1236,118,23,7
C000258,782,307,40,13
C000269,762,102,27,10
C000270,760,102,31,9
C000274,1274,115,38,12
C000283,861,72,72,37
C000293,1219,363,43,10
C000294,432,117,47,19
C000295,1222,104,40,14
C000299,833,114,93,35
C000300,1100,51,27,7
C000301,1100,51,27,7
C000302,1048,49,30,8
C000303,1261,43,31,11
C000304,1259,46,33,8
C000305,1431,28,29,9
C000306,1479,29,33,10
C000307,1483,28,27,11
C000308,1329,100,35,14
C000310,1163,77,77,25
C000311,1159,75,85,27
C000312,1159,74,81,31
C000313,1114,73,76,25
C000318,1150,235,73,28
C000320,1218,92,45,19
C000323,1083,27,38,16
C000331,814,135,64,28
C000333,1166,109,83,27
C000334,1168,109,83,26
C000335,686,293,121,38
C000336,685,294,123,41
C000338,918,310,50,15
C000341,1006,103,22,8
C000345,1339,161,32,9
C000346,1242,163,35,10
C000347,1514,154,35,12
C000349,1591,165,38,11
C000350,1230,179,20,8
C000356,716,61,26,7
C000364,1535,157,36,13
C000368,448,114,42,15
C000369,447,115,41,15
C000396,1026,285,49,17
C000420,1231,134,31,12
C000427,895,348,59,16
C000428,898,343,60,16
C000429,898,343,60,16
C000430,361,83,50,19
C000431,362,88,41,17
C000432,1637,101,51,19
C000433,1642,99,45,19
C000434,1003,30,98,34
C000435,1003,31,97,35
C000436,1003,31,97,35
C000438,583,74,31,10
C000439,580,74,31,10
C000442,608,148,29,10
C000443,1514,109,41,16
C000444,1586,115,40,14
C000446,1493,131,36,12
C000447,1492,123,39,14
C000448,576,83,33,12
C000451,609,44,30,13
C000454,996,60,27,10
C000456,1309,84,29,15
C000457,1202,130,80,25
C000458,1203,142,79,25
C000459,1261,136,28,13
C000460,1261,139,28,11
C000461,1440,203,97,30
C000463,1438,207,99,32
C000469,521,21,27,9
C000471,769,34,29,14
C000477,830,146,86,26
C000478,843,144,80,26
C000481,452,88,42,15
C000488,1482,32,27,10
C000491,1187,107,36,18
C000492,371,133,50,22
C000493,1052,52,26,12
C000495,1153,210,73,26
C000501,648,125,24,9
C000505,613,82,25,11
C000506,1778,263,38,16
C000515,72,78,35,16
C000516,1592,37,24,9
C000533,1310,83,30,17
C000557,908,89,27,9
C000573,340,152,37,14
C000574,340,152,33,14
C000575,767,6,34,12
C000576,1195,178,23,8
C000585,1336,101,81,27
C000586,470,92,43,14
C000588,1542,84,42,17
C000590,783,121,28,10
C000591,775,39,29,11
C000592,1154,287,60,21
C000594,1264,52,28,8
C000596,1003,87,21,8
C000597,1003,87,21,8
C000598,973,89,21,9
C000599,959,90,20,8
C000601,1209,51,28,10
C000602,1255,103,26,8
C000602,999,54,82,25
C000603,1130,66,34,19
C000612,1345,98,35,14
C000614,1243,245,55,18
C000634,1031,54,26,10
C000635,1031,54,26,10
C000642,1089,68,28,9
C000647,1458,132,38,23
C000648,1150,207,79,27
C000649,515,194,43,15
C000650,675,22,28,12
C000651,675,22,28,12
C000652,675,22,28,12
C000653,703,119,28,8
C000654,706,114,26,11
C000655,706,113,35,11
C000656,866,106,39,14
C000657,754,91,60,22
C000658,754,91,60,22
C000659,754,91,60,22
C000660,707,41,29,10
C000661,709,36,31,14
C000662,709,36,31,14
C000663,707,32,33,19
C000664,1819,279,35,17
C000665,1216,359,46,16
C000666,1005,229,56,19
C000667,1004,228,55,20
C000668,1451,131,55,30
C000670,322,19,59,22
C000671,1404,67,43,16
C000675,1454,53,117,43
C000676,1471,57,95,38
C000682,1359,49,26,9
C000685,1408,53,28,8
C000686,618,44,21,11
C000687,1198,65,38,22
C000689,1298,70,34,20
C000690,702,225,27,9
C000691,1051,21,32,18
C000692,1570,128,62,23
C000693,1608,133,57,21
C000694,686,60,23,12
C000695,1419,175,96,25
C000696,1417,167,98,31
C000697,1419,169,109,34
C000698,520,173,34,11
C000699,902,92,64,27
C000700,754,48,40,17
C000701,1017,7,117,33
C000702,794,24,129,46
C000703,917,41,22,8
C000704,926,43,23,8
C000705,981,64,20,8
C000706,1010,63,27,11
C000708,712,91,65,23
C000709,712,91,65,23
C000710,716,94,58,21
C000711,1029,290,52,19
C000712,1032,286,47,17
C000713,1032,288,46,13
C000715,739,204,28,19
C000716,1226,163,60,25
C000717,1118,152,51,22
C000722,1452,190,45,20
C000723,1032,53,28,9
C000724,1403,52,25,10
C000725,1405,50,26,10
C000726,1364,50,25,10
C000727,1364,50,25,10
C000728,1364,50,25,10
C000729,1033,73,70,22
C000730,1033,73,70,22
C000731,1086,89,35,17
C000738,1214,227,93,29
C000740,1370,212,35,12
C000743,698,229,24,9
C000748,713,93,60,22
C000750,588,83,30,11
C000752,590,81,30,13
C000753,594,84,26,9
C000755,417,22,27,11
C000756,456,46,24,10
C000759,1458,62,100,42
C000760,470,10,22,8
C000761,413,10,19,7
C000763,796,115,59,24
C000765,794,114,60,21
C000766,801,113,52,25
C000768,598,249,140,38
C000769,663,256,130,33
C000771,757,51,30,11
C000772,759,53,32,10
C000774,1125,113,85,28
C000776,1152,142,24,9
C000782,697,211,28,10
C000784,701,209,25,10
C000799,633,38,25,8
C000800,632,37,36,9
C000808,1499,58,45,24
C000821,1189,157,20,9
C000829,487,114,38,11
C000835,732,180,24,7
C000836,734,183,23,7
C000842,330,35,59,25
C000843,1463,97,43,17
C000844,638,99,39,16
C000845,555,88,41,14
C000846,1372,77,41,17
C000848,1185,139,23,18
C000851,1210,24,22,7
C000853,1419,52,37,18
C000854,1425,56,28,9
C000855,1424,56,27,9
C000857,1281,211,76,32
C000858,1277,210,90,33
C000859,1268,213,109,34
C000861,1279,199,100,40
C000862,1040,205,87,24
C000863,1044,199,78,23
C000864,1448,150,36,12
C000865,1461,142,38,15
C000866,1462,143,36,13
C000867,952,55,86,29
C000868,1061,127,40,14
C000869,1067,121,41,18
C000870,1072,122,36,15
C000874,591,18,43,18
C000875,571,27,31,11
C000876,655,109,29,10
C000877,654,106,34,10
C000878,653,107,29,10
C000879,1242,161,32,20
C000880,1308,176,37,20
C000881,1433,181,40,16
C000885,1265,76,94,41
C000886,1260,72,101,49
C000887,1046,83,57,19
C000888,1052,82,31,19
C000889,1049,88,65,19
C000890,749,7,53,26
C000891,810,14,39,16
C000892,801,17,34,10
C000893,758,80,34,12
C000894,916,43,125,56
C000895,1472,84,35,14
C000896,1396,84,39,14
C000897,1397,85,44,14
C000898,484,28,34,12
C000898,483,27,33,15
C000900,1611,132,37,10
C000901,1546,120,38,12
C000902,1536,173,104,32
C000903,477,57,27,11
C000904,477,57,22,10
C000905,480,61,27,10
C000906,670,253,131,43
C000907,612,266,140,39
C000908,615,266,123,37
C000909,1114,61,59,17
C000911,1205,171,63,23
C000912,615,266,123,37
C000913,615,266,123,37
C000914,1052,90,58,18
C000915,1046,150,63,17
C000916,1047,150,58,17
C000917,1047,150,58,17
C000919,760,82,30,9
C000920,764,82,25,8
C000922,903,112,35,11
C000923,902,111,36,11
C000925,1546,120,38,12
C000932,1370,109,27,11
C000935,1370,109,31,10
C000936,1368,107,35,13
C000938,786,92,124,49
C000940,797,73,53,24
C000941,797,75,53,19
C000942,795,74,56,21
C000943,795,74,56,21
C000946,1316,106,38,12
C000947,1313,106,38,12
C000948,1313,106,38,12
C000949,530,65,22,10
C000950,656,105,57,22
C000951,812,100,62,22
C000952,759,68,31,9
C000953,655,106,30,10
C000954,484,4,27,10
C000955,484,2,32,10
C000956,482,8,32,8
C000958,1007,75,77,23
C000959,1004,75,78,22
C000960,1310,49,35,14
C000961,1240,36,28,15
C000965,663,197,25,9
C000966,614,199,29,10
C000967,663,197,25,9
C000968,614,199,29,10
C000969,1430,107,43,15
C000970,1492,147,98,31
C000971,1479,139,120,39
C000972,1487,145,102,28
C000975,817,88,29,12
C000976,815,88,29,12
C000977,815,88,29,12
C000978,1409,124,32,12
C000979,987,24,88,34
C000982,1194,69,25,8
C000989,1402,96,37,13
C000991,1285,145,94,47
C000992,1285,145,94,47
C000993,759,240,36,12
C000994,1197,161,83,34
C000995,1197,161,83,34
C000996,1215,175,55,15
C000997,1213,171,68,22
C000998,1310,101,45,18
C001004,424,142,25,7
C001005,497,156,28,11
C001006,941,115,86,31
C001007,1095,117,96,24
C001009,627,98,22,9
C001010,626,92,28,10
C001011,623,87,37,15
C001012,625,91,40,11
C001021,1511,116,41,14
C001022,1515,106,48,21
C001023,1515,106,48,21
C001024,1515,106,48,21
C001025,1264,97,36,14
C001026,1266,96,32,12
C001027,665,195,28,11
C001028,1258,83,25,12
C001031,1490,152,91,23
C001032,422,55,16,6
C001036,799,30,35,17
C001037,802,30,26,8
C001038,805,28,26,13
C001039,390,69,39,20
C001041,402,71,20,8
C001042,391,65,38,20
C001047,1464,64,43,17
C001048,1464,60,42,18
C001049,1465,63,41,16
C001050,1456,53,64,25
C001055,1400,94,41,15
C001056,637,27,46,18
C001057,641,25,37,19
C001058,394,69,23,9
C001066,788,70,32,10
C001068,734,66,26,8
C001070,713,119,22,8
C001072,829,119,24,9
C001073,834,117,24,9
C001074,1386,68,39,17
C001075,846,54,27,9
C001077,780,51,28,10
C001079,1317,50,20,9
C001080,1317,45,22,9
C001083,1043,99,35,11
C001087,1003,141,55,17
C001088,1268,95,32,13
C001089,853,15,92,33
C001091,1423,50,35,13
C001094,1233,69,27,13
C001095,1235,69,24,9
C001096,1234,66,24,10
C001097,1232,65,28,12
C001098,1295,80,18,9
C001099,1199,75,20,9
C001100,1104,72,19,7
C001101,1153,72,20,9
C001102,800,28,35,13
C001104,717,15,33,14
C001106,449,39,46,16
C001107,1336,78,85,25
C001115,1112,55,89,34
C001116,727,170,25,11
C001121,982,267,62,26
C001122,985,268,61,22
C001123,969,269,54,18
C001124,1116,233,58,20
C001127,383,60,41,18
C001129,894,118,24,8
C001131,861,112,25,9
C001132,1529,94,43,11
C001134,819,104,37,15
C001140,1531,219,109,43
C001141,1531,219,109,43
C001143,569,100,26,10
C001144,670,100,33,13
C001148,1411,77,44,13
C001150,1157,50,18,8
C001151,1292,166,22,10
C001152,1249,159,20,10
C001153,1428,51,27,9
C001155,1130,46,26,10
C001156,1133,48,22,8
C001157,1132,48,23,9
C001159,1256,43,28,11
C001160,1213,45,25,8
C001162,879,54,114,60
C001164,1040,98,37,12
C001165,970,100,35,10
C001166,717,86,28,12
C001169,1389,109,34,14
C001170,1309,104,30,9
C001172,1526,90,45,15
C001173,1447,88,39,15
C001176,891,41,78,44
C001179,649,92,50,24
C001182,1200,149,21,8
C001183,1431,113,24,15
C001184,1483,119,25,11
C001187,1270,141,59,20
C001188,1276,140,58,17
C001189,1494,141,96,35
C001192,1121,235,55,20
C001193,1117,229,58,23
C001193,1117,228,60,25
C001194,1198,125,29,11
C001195,713,83,33,14
C001196,706,83,42,14
C001199,513,168,29,10
C001200,514,168,30,12
C001201,515,166,26,11
C001202,744,40,47,21
C001204,870,56,109,53
C001205,872,50,110,61
C001206,1393,65,42,15
C001207,1389,62,42,22
C001208,1386,67,36,14
C001209,592,31,34,17
C001210,1203,19,143,77
C001211,1408,121,38,11
C001212,1393,117,46,16
C001213,1193,23,26,10
C001214,1189,21,31,13
C001215,1192,23,27,10
C001216,1186,20,30,13
C001217,1091,82,34,10
C001218,1007,74,41,15
C001219,1011,75,41,13
C001220,998,70,54,23
C001225,455,1,20,10
C001226,447,0,44,11
C001227,1544,197,93,31
C001228,1544,197,93,31
C001229,1531,187,111,52
C001230,1494,124,113,52
C001231,1504,133,107,45
C001232,1389,107,35,16
C001233,1610,103,41,16
C001234,1610,103,44,16
C001235,1521,101,50,17
C001238,892,93,34,13
C001239,894,95,33,7
C001240,1251,128,25,8
C001241,1142,106,34,16
C001244,163,73,49,17
C001245,187,79,45,13
C001246,85,92,50,15
C001247,448,35,45,21
C001248,1498,132,42,14
C001249,1500,132,37,14
C001250,1501,133,35,13
C001251,1501,133,35,13
C001253,1342,135,38,13
C001254,1340,133,41,14
C001255,1426,140,40,15
C001256,1426,142,35,14
C001257,1492,143,104,30
C001258,637,25,32,13
C001259,637,25,38,12
C001261,1274,139,59,17
C001262,1272,135,59,17
C001266,1538,110,45,16
C001267,1659,178,30,15
C001268,1599,160,34,16
C001269,1150,37,27,11
C001270,1105,31,33,14
C001272,493,106,27,10
C001275,631,25,28,12
C001276,627,24,43,15
C001277,628,24,28,13
C001278,612,251,134,42
C001279,611,252,142,44
C001280,621,261,111,30
C001286,1167,135,55,15
C001287,1164,134,60,17
C001288,1479,119,38,9
C001290,1400,107,43,17
C001291,1406,109,37,12
C001294,1226,53,33,14
C001295,1231,50,25,8
C001297,1168,136,52,12
C001299,1162,121,68,25
C001303,1247,155,50,15
C001305,1256,98,46,18
C001306,1282,52,30,12
C001307,1232,51,25,11
C001308,1228,52,27,10
C001309,1297,36,32,22
C001310,1260,38,27,9
C001312,791,50,65,27
C001313,659,116,30,20
C001315,1051,26,99,38
C001316,676,50,28,9
C001317,1633,138,45,17
C001318,1638,127,44,23
C001323,896,95,30,7
C001324,867,92,51,20
C001325,1168,63,31,8
C001326,1169,62,35,11
C001328,1404,107,38,15
C001329,1407,107,35,15
C001330,1210,114,20,9
C001331,1204,110,36,15
C001332,461,87,57,28
C001333,474,97,34,12
C001334,673,128,32,10
C001335,613,28,31,12
C001343,1140,110,37,10
C001344,1138,107,38,13
C001345,1138,107,38,13
C001347,883,136,26,11
C001348,88,85,50,17
C001349,167,20,52,19
C001351,187,25,44,12
C001357,744,185,24,10
C001358,745,184,22,10
C001455,1300,104,57,17
C001520,1262,25,71,25
C001525,1262,27,71,23
C001556,1545,2,106,54
C001629,1481,104,42,18
C001630,1478,103,44,17
C001631,1421,100,37,18
C001632,1421,100,37,18
C001633,1410,102,38,17
C001634,1412,101,39,16
C001791,431,63,72,25
C001835,931,6,131,38
C001861,1296,102,65,22
C001906,890,63,40,22
C001926,1107,19,120,33
C001950,1107,19,120,33
C002076,930,6,135,36
C002078,923,3,137,41
C002079,928,7,137,36
C002080,921,6,141,37
C002082,923,3,137,41
C002083,928,7,137,36
C002084,921,6,141,37
C002085,928,7,137,36
C002099,1273,45,75,26
C002111,1273,45,75,26
C002193,1565,227,26,44
C002294,430,63,75,21
C002295,434,62,67,20
C002298,430,63,75,21
C002304,430,63,75,21
C002308,430,63,75,21
C002311,430,61,73,25
C002314,430,61,73,25
C002316,430,63,75,21
C002318,435,64,67,20
C002321,435,64,67,20
C002340,1280,49,69,19
C002349,1278,44,73,20
C002356,1278,44,72,22
C002391,1462,43,74,22
C002408,432,63,63,20
C002413,431,65,70,20
C002439,1301,55,59,14
C002441,1301,53,62,21
C002444,1295,51,64,22
C002453,1300,54,59,18
C002456,1298,53,62,16
C002545,1200,40,97,26
C002549,1201,37,97,31
C002558,1200,40,97,26
C002705,1277,49,65,14
C002706,1278,47,70,18
C002707,1277,49,65,14
C002717,1277,46,73,20
C002718,1144,46,70,15
C002761,1319,32,63,20
C002762,1472,39,69,29
C002763,1473,42,63,26
C002835,1200,40,97,26
C002873,1205,40,89,27
C002931,1648,23,52,18
C002932,1521,6,64,32
C002934,1528,12,55,20
C002935,1521,6,64,32
C002937,1532,14,59,14
C002938,1528,12,55,20
C002939,1648,23,52,18
C002941,1521,6,64,32
C002943,1528,12,55,20
C002944,1648,23,52,18
C002945,1521,6,64,32
C002946,1532,14,59,14
C002947,1528,12,55,20
C002948,1648,23,52,18
C003062,1423,207,21,8
C003077,1423,207,21,8
C003078,1398,182,40,11
C003079,1423,207,21,8
C003268,815,35,106,41
C003269,815,35,106,41
C003270,815,35,106,41
C003271,815,35,106,41
C003272,815,35,106,41
C003275,815,35,106,41
C003277,815,35,106,41
C003278,815,35,106,41
C003279,815,35,106,41
C003282,815,35,106,41
C003283,815,35,106,41
C003329,801,31,120,49
C003333,815,36,111,48
C003343,801,31,120,49
C003347,1231,72,62,40
C003383,1275,211,45,16
C003398,1275,211,45,16
C003411,1275,211,45,16
C003422,1471,42,69,24
C003426,1471,42,69,24
C003430,1471,42,69,24
C003432,1471,42,69,24
C003435,1471,42,69,24
C003437,1471,42,69,24
C003440,1471,42,69,24
C003443,1471,42,69,24
C003446,1471,42,69,24
C003448,1471,42,69,24
C003450,1470,41,70,23
C003452,1470,41,70,23
C003454,1470,41,70,23
C003516,1279,213,49,17
C003518,1279,213,49,17
C003519,1279,213,49,17
C003521,1275,211,45,16
C003712,1322,1,174,37
C005540,964,114,37,16
C005541,965,113,34,15
C005542,964,112,37,17
C005543,962,110,39,16
C005564,710,86,33,13
C005567,1156,87,40,19
C005568,1155,95,40,18
C005568,1157,93,40,19
C005577,1228,132,48,20
C005584,955,252,45,17
C005600,1251,107,82,28
C005605,1227,99,75,35
M100651,1100,24,102,32
M100652,1100,24,102,32
M100653,1296,30,117,31
M100654,1100,24,102,32
M100655,1100,24,102,32
M100656,1100,24,102,32
M100657,1100,24,102,32
M100658,1100,24,102,32
M100659,1100,24,102,32
M100660,1280,29,135,41
M100661,1100,24,102,32
M100662,1282,26,122,38
M100665,1271,22,134,42
M100667,1271,22,134,42
M100668,1271,22,134,42
M100669,1273,24,136,39
M100670,1300,30,106,31
M100671,1300,30,106,31
M100672,1291,28,120,36
M100673,1297,30,110,36
M100674,1300,32,104,31
M100675,1301,28,107,35
M100676,1300,33,101,28
M100677,1300,32,102,31
M100678,1300,33,101,28
M100679,1300,32,104,31
M100680,1297,32,105,31
M100681,1294,30,110,35
M100682,1300,32,104,31
M100683,1297,32,105,31
M100684,1297,29,110,35
M100685,1300,32,104,31
M100686,1294,30,110,35
M100687,1297,30,107,35
M100688,1297,30,107,35
M100689,1299,30,106,34
M100690,1294,30,110,35
M100691,1297,30,107,35
M100692,1294,30,110,35
M100693,1297,30,107,35
M100695,1294,30,110,35
M100696,1300,34,102,29
M100698,1300,32,102,31
M100699,1300,34,102,29
M100701,1294,30,110,35
M100702,1300,34,102,29
M100704,1294,30,110,35
M100705,1300,34,102,29
M100707,1300,34,102,29
M100708,1296,28,109,34
M100710,1297,32,105,31
M100711,1294,30,110,35
M100712,1296,28,109,34
M100714,1294,30,110,35
M100715,1300,34,102,29
M100716,1296,28,109,34
M100718,1294,30,110,35
M100720,1297,32,105,31
M100721,1294,30,110,35
M100722,1296,28,109,34
M100724,1294,30,110,35
M100725,1296,28,109,34
M100727,1297,34,107,29
M100728,1294,30,110,35
M100729,1298,31,110,33
M100730,1300,34,102,29
M100732,1294,30,110,35
M100733,1298,31,110,33
M100734,1297,34,107,29
M100735,1300,34,102,29
M100736,1294,30,110,35
M100738,1294,30,110,35
M100739,1290,30,112,34
M100740,1297,34,107,29
M100742,1300,34,102,29
M100743,1294,30,110,35
M100745,1295,30,109,33
M100748,1294,30,110,35
M100749,1295,31,110,33
M100750,1295,31,110,33
M100751,1295,31,110,33
M100752,1294,30,110,35
M100755,1295,31,110,33
M100756,1295,31,110,33
M100758,1294,30,110,35
M100759,1294,30,110,35
M100760,1294,30,110,35
M100762,1299,30,113,32
M100764,1295,31,110,33
M100765,1295,31,110,33
M100766,1295,31,110,33
M100767,1295,31,110,33
M100768,1295,31,110,33
M100769,1296,31,110,33
M120855,1408,78,56,29
M120901,1408,83,47,23
M120902,1400,83,55,26
M120903,1408,83,47,23
M120908,1408,82,46,22
M161090,1648,24,55,18
M161092,1648,24,55,18
M161094,1648,24,55,18
M161096,1648,24,55,18
M161097,1650,25,50,15
M161098,1532,10,58,20
M161127,1644,20,57,25
M161156,1644,20,57,25
M161164,1648,24,55,18
M161165,1648,24,55,18
M161166,1666,24,38,17
M161168,1654,17,54,22
M161170,1639,10,89,37
M161171,1646,21,55,21
M161172,1641,18,72,32
M161173,1649,21,55,20
M161174,1646,21,55,21
M161175,1641,18,72,32
M161176,1639,10,89,37
M161178,1639,10,89,37
M161183,1641,18,72,32
M161184,1670,24,35,16
M161185,1641,18,72,32
M161186,1646,21,55,21
M161189,1639,10,89,37
M161192,1639,10,89,37
M161194,1639,10,89,37
M161195,1663,21,49,22
M161200,1639,10,89,37
M161205,1649,18,63,28
M161206,1666,24,38,17
M181291,1280,208,46,20
M181294,1276,213,52,15
M181298,1280,208,46,20
M181303,1186,212,44,12
M181357,1272,216,62,18
M201447,1225,70,85,38
M221499,1060,9,143,56
M221499,1319,0,185,37
M221503,1313,1,196,36
M221506,1323,1,178,36
M241632,1146,47,66,15
M241632,1280,47,67,15
M241664,1144,47,68,19
M261830,1109,18,110,39
M302042,1195,40,94,29
M302050,975,38,75,22
M302075,966,35,95,31
M302084,1203,40,93,28
M302100,966,35,95,31
M302111,969,35,91,31
M302112,966,35,95,31
M302119,969,34,68,29
M302137,1195,40,94,29
M322222,805,35,121,42
M322241,805,35,121,42
M322247,811,36,110,41
M322248,805,35,121,42
M322304,810,44,116,33
M342456,1294,54,68,22
M342456,1417,56,68,21
M342467,1301,54,58,16
M362539,1314,31,70,20
M362552,1311,30,71,22
M362569,1314,31,70,20
M362572,1314,24,62,28
M362579,1314,31,70,20
M362597,1311,30,71,22
S000014,1318,155,47,17
S000025,1309,51,46,17
S000026,1309,52,42,15
S000027,1365,7,98,35
S000028,1381,9,91,32
S000029,1369,38,77,39
S000030,1410,30,83,27
S000043,1831,30,39,13
S000044,1825,8,41,15
S000045,1427,73,32,13
S000046,1307,61,27,11
S000047,1492,89,32,14
S000048,1395,116,30,14
S000049,1269,58,33,14
S000050,1222,68,27,12
S000051,413,178,47,23
S000052,518,177,38,12
S000053,530,178,36,11
S000054,395,173,45,19
S000055,365,140,45,21
S000056,1196,317,19,8
S000057,1148,311,22,11
S000058,1244,324,21,7
S000067,1022,98,55,18
S000068,1026,98,54,17
S000069,1056,99,57,16
S000070,1119,129,55,24
S000071,1173,162,58,29
S000073,1147,85,61,24
S000075,1161,107,70,19
S000076,1160,107,76,20
S000077,1126,2,102,33
S000079,1309,1,102,17
S000082,715,59,24,8
S000083,501,250,26,15
S000084,615,281,21,11
S000085,1283,42,26,10
S000088,1235,152,45,19
S000089,813,131,36,14
S000090,982,114,36,16
S000091,1064,115,32,14
S000092,1311,164,41,14
S000093,1207,157,38,15
S000095,964,134,31,15
S000096,834,398,35,12
S000097,828,396,44,14
S000098,642,179,42,14
S000099,629,173,39,14
S000100,629,173,39,14
S000101,629,173,39,14
S000102,631,175,42,14
S000103,541,288,31,12
S000105,1497,50,27,9
S000106,1443,52,29,8
S000108,1481,76,31,15
S000109,937,108,39,13
S000110,937,108,39,13
S000111,855,40,81,35
S000112,961,32,89,30
S000113,931,76,57,18
S000114,931,76,57,18
S000115,933,74,56,19
S000117,1382,139,44,11
S000118,986,1,113,40
S000119,985,3,114,40
S000120,721,20,83,32
S000122,1036,77,83,21
S000123,1033,67,83,28
S000126,1794,119,36,11
S000127,1675,231,48,25
S000128,1520,29,33,15
S000129,993,47,32,18
S000130,470,128,30,11
S000132,1201,77,19,7
S000133,1338,88,22,8
S000134,1334,85,29,13
S000135,1334,85,29,13
S000136,1475,147,25,11
S000137,1473,142,29,12
S000139,1266,131,65,17
S000143,445,145,36,12
S000144,471,144,41,16
S000145,1303,166,32,11
S000146,1010,152,30,15
S000147,1035,153,32,13
S000148,1079,165,30,14
S000149,1089,264,37,14
S000150,1262,290,44,17
S000151,799,132,38,15
S000152,866,78,49,24
S000153,1123,131,44,19
S000154,1019,129,41,16
S000155,1131,133,49,23
S000159,1043,73,52,16
S000162,1348,136,40,11
S000163,385,196,18,7
S000164,385,196,18,7
S000165,697,176,15,4
S000166,697,176,15,4
S000167,1199,109,56,19
S000168,1198,110,59,17
S000169,1030,73,85,26
S000170,1039,79,72,18
S000171,1328,0,89,26
S000178,1468,201,17,12
S000180,904,78,79,25
S000181,896,76,85,26
S000187,1184,146,19,8
S000188,1503,164,25,9
S000189,1359,159,23,12
S000190,1406,141,34,8
S000191,1278,285,43,18
S000193,1129,133,53,22
S000196,1060,53,55,23
S000197,1123,55,47,18
S000198,1233,61,50,16
S000199,1265,60,57,20
S000200,851,145,21,8
S000201,400,187,47,20
S000202,380,195,39,13
S000203,1363,126,25,10
S000204,1364,125,19,7
S000205,1255,153,26,12
S000208,1283,139,39,16
S000209,1288,141,32,10
S000221,899,73,85,28
S000222,768,83,65,18
S000223,856,121,99,32
S000224,853,110,108,48
S000227,1368,71,44,22
S000228,1414,82,26,12
S000230,1374,70,21,15
S000232,1146,40,28,14
S000233,1222,49,30,11
S000234,1270,44,36,17
S000235,1404,44,54,18
S000236,1390,40,47,15
S000237,1483,51,48,19
S000238,1467,46,54,23
S000239,287,247,59,20
S000241,396,276,38,15
S000242,659,297,30,10
S000243,664,292,39,15
S000244,642,158,40,13
S000246,1325,146,25,8
S000247,1379,147,23,12
S000248,1286,83,57,21
S000249,1279,92,37,17
S000250,815,120,53,23
S000251,372,192,44,19
S000252,549,179,31,8
S000254,595,161,42,12
S000255,638,159,38,16
S000265,1311,68,21,9
S000266,1310,68,25,10
S000269,673,21,37,15
S000270,677,21,48,19
S000271,594,79,31,9
S000272,590,78,36,10
S000273,1446,56,33,9
S000274,1376,53,32,10
S000279,1231,67,20,10
S000281,900,79,26,11
S000286,1749,190,37,14
S000287,1754,189,34,15
S000288,1753,188,40,16
S000289,1680,183,35,16
S000296,722,78,36,15
S000298,723,77,31,10
S000299,717,77,37,15
S000301,695,47,39,17
S000302,1001,86,21,10
S000304,1033,84,27,9
S000308,1229,206,20,8
S000309,1162,291,24,11
S000313,531,75,33,14
S000314,535,73,43,22
S000315,1314,141,25,9
S000316,824,121,40,16
S000318,1141,123,50,21
S000322,1446,26,36,12
S000324,1526,34,25,10
S000326,1448,34,28,11
S000331,1287,137,48,16
S000344,705,158,119,47
S000345,704,155,114,52
S000348,1060,179,56,22
S000349,1056,179,57,21
S000350,620,266,133,36
S000351,625,265,133,42
S000352,1605,47,30,11
S000353,1610,45,31,14
S000354,1168,10,34,13
S000357,1370,132,48,22
S000358,1268,308,21,10
S000359,1321,311,18,6
S000360,1206,81,45,15
S000361,1207,81,37,19
S000366,980,91,32,16
S000367,984,94,34,13
S000370,1287,137,51,15
S000372,1288,133,53,24
S000373,1192,126,54,19
S000379,715,254,129,44
S000384,1369,132,48,22
S000386,1164,76,23,9
S000387,1127,138,60,24
S000388,1036,99,32,10
S000389,1040,96,28,11
S000390,827,9,119,65
S000391,905,3,123,57
S000393,1463,100,39,17
S000394,1457,100,43,15
S000395,1068,0,131,74
S000396,1070,0,128,75
S000397,1525,224,101,42
S000398,1527,219,101,47
S000399,1523,223,100,38
S000400,1525,219,100,48
S000401,398,39,23,10
S000403,375,127,26,11
S000410,1071,137,68,30
S000413,1060,44,31,11
S000414,586,149,17,7
S000420,1425,222,27,12
S000426,971,93,25,9
S000427,983,95,21,6
S000431,1119,118,26,11
S000432,1442,94,37,13
S000433,1446,93,37,13
S000434,1438,92,38,15
S000435,1342,103,38,18
S000436,1345,107,35,11
S000437,1348,104,32,14
S000438,1640,74,40,13
S000440,401,40,21,9
S000441,402,40,22,9
S000442,1153,46,28,11
S000444,1153,43,31,12
S000445,1201,46,32,9
S000446,1151,42,29,9
S000447,1169,72,30,10
S000449,1327,56,28,12
S000451,1460,52,29,8
S000452,618,69,27,9
S000453,647,66,26,11
S000454,637,65,29,13
S000455,374,126,22,9
S000457,1143,27,107,52
S000458,1143,27,107,52
S000478,1049,38,57,23
S000479,1107,46,28,8
S000481,1119,136,64,20
S000482,1233,220,64,26
S000483,1230,220,69,23
S000487,1341,20,40,13
S000488,1423,205,35,9
S000494,1545,70,52,14
S000495,1488,56,52,14
S000496,1324,149,43,18
S000504,646,69,22,8
S000505,638,64,26,10
S000506,659,64,26,10
S000507,681,68,26,10
S000508,691,66,26,9
S000509,960,101,38,15
S000510,959,98,39,19
S000511,958,99,41,16
S000512,983,102,37,12
S000513,1662,146,44,19
S000526,586,127,19,6
S000527,547,126,23,10
S000528,548,127,19,7
S000529,550,128,19,7
S000532,1103,53,61,16
S000533,1344,46,70,18
S000534,1346,45,73,23
S000535,1348,47,65,17
S000536,1489,44,78,23
S000537,1474,49,81,27
S000538,1335,39,68,21
S000541,1460,82,22,8
S000542,1401,79,22,8
S000544,1236,223,57,20
S000545,1232,200,64,28
S000562,1276,10,55,28
S000574,1359,125,43,16
S000575,1264,110,54,22
S000576,1358,126,43,15
S000577,1274,29,30,15
S000579,1384,84,30,9
S000580,1383,81,32,12
S000581,1292,136,47,19
S000582,694,58,34,16
S000583,619,63,35,13
S000584,1386,71,49,22
S000587,540,78,38,16
S000588,447,116,34,15
S000589,434,59,43,17
S000590,438,60,35,12
S000591,638,248,34,12
S000603,1153,75,28,10
S000604,1292,32,27,8
S000606,1310,84,34,14
S000607,1350,82,36,11
S000608,1169,73,29,9
S000609,1263,71,22,10
S000610,980,137,19,8
S000611,1150,133,24,10
S000614,1270,86,25,8
S000615,1264,79,31,19
S000616,1270,83,26,8
S000618,1264,79,31,19
S000619,1273,89,24,8
S000620,1273,87,26,12
S000621,1274,88,27,11
S000622,1102,296,71,20
S000626,1114,296,48,19
S000628,1114,296,48,19
S000629,1111,295,53,20
S000630,1145,36,106,41
S000645,1278,17,53,23
S000646,1276,16,53,24
S000647,1276,16,56,24
S000648,1271,13,60,28
S000650,1272,127,35,16
S000660,998,148,70,25
S000661,1140,158,71,23
S000662,1015,142,71,22
S000663,1011,144,72,22
S000664,821,94,32,10
S000667,909,163,91,29
S000670,1015,142,105,32
S000679,902,47,22,9
S000680,550,8,24,11
S000681,1459,107,31,10
S000686,986,82,34,10
S000687,983,82,30,14
S000688,983,82,27,12
S000691,637,27,32,10
S000692,639,28,31,10
S000704,989,68,26,10
S000706,1015,143,102,29
S000707,1219,156,65,20
S000708,1167,161,55,20
S000709,1174,162,65,20
S000710,1186,162,68,22
S000711,788,57,59,23
S000713,791,61,58,23
S000715,796,134,53,22
S000725,624,218,43,15
S000726,1087,62,29,10
S000727,1088,59,29,13
S000728,656,66,39,16
S000729,667,63,42,18
S000730,647,88,38,12
S000732,1430,157,48,21
S000733,1437,164,39,18
S000734,843,111,39,15
S000735,499,54,41,18
S000736,540,53,41,17
S000737,610,194,35,10
S000739,581,121,29,8
S000740,647,120,25,10
S000741,386,95,49,17
S000743,368,269,43,15
S000744,477,274,39,14
S000748,202,130,51,18
S000754,1436,152,41,15
S000755,1435,149,43,17
S000756,918,119,46,20
S000758,917,117,49,21
S000758,284,166,70,28
S000760,821,127,40,19
S000761,868,131,32,11
S000762,804,131,32,11
S000763,805,129,32,13
S000764,1357,78,26,10
S000765,827,129,58,31
S000766,830,134,57,23
S000768,410,277,53,21
S000782,872,98,53,16
S000783,737,99,47,23
S000785,1298,113,32,14
S000850,666,98,27,11
S000851,666,98,29,11
S000852,1228,136,43,18
S000854,1439,96,51,20
S000855,1538,94,42,10
S000856,1522,84,60,26
S000857,1296,258,18,9
S000863,621,54,27,10
S000866,660,126,28,9
S000880,1236,110,51,21
S000882,1357,141,51,15
S000924,996,76,36,11
S001118,1357,57,32,11
S001119,1357,53,32,11
S001120,1351,48,41,24
S001121,449,70,39,20
S001122,449,70,39,20
S001123,454,69,32,17
S001124,1494,184,94,27
S001125,1496,181,94,32
S001131,993,73,91,29
S001132,1369,109,42,15
S001133,1368,110,39,14
S001134,1027,144,48,14
S001136,1539,81,46,15
S001158,224,201,36,12
S001164,1729,180,62,18
S001165,1600,163,53,26
S001166,1743,125,55,20
S001167,1736,131,51,17
S001168,1735,127,56,20
S001170,1608,135,60,29
S001171,1746,152,54,18
S001186,771,70,27,9
S001188,1031,9,67,28
S001237,957,250,43,17
S001238,952,248,51,24
S001239,958,250,42,18
S001240,1062,260,45,15
S001241,1064,260,45,15
S001242,1065,258,43,16
S001253,934,123,21,9
S001260,430,71,43,21
S001262,744,87,28,10
S001263,1145,50,84,28
S001264,645,57,29,11
S001274,791,144,25,8
S001277,787,142,24,7
S001278,731,72,25,7
S001280,729,71,26,7
S001281,735,73,26,7
S001282,821,79,30,11
S001283,818,76,25,10
S001294,1070,2,46,12
S001295,1083,0,53,18
S001296,920,32,64,31
S001297,920,32,64,31
S001298,1011,118,64,27
S001300,678,254,21,7
S001302,711,247,23,7
S001302,751,249,19,7
S001305,997,300,21,9
S001306,1024,297,21,8
S001307,986,300,21,10
S001308,1366,292,21,7
S001314,1240,74,38,14
S001317,1172,70,36,12
S001318,1397,63,42,15
S001320,1396,65,42,12
S001328,1629,111,119,43
S001333,1343,149,39,12
S001335,874,202,53,20
S001336,865,188,55,20
S001337,865,184,65,22
S001339,866,190,55,20
S001353,1461,79,44,13
S001354,1541,83,39,11
S001394,394,270,41,17
S001408,869,155,56,23
S001409,868,154,59,20
S001421,898,168,69,26
S001431,1296,68,29,10
S001440,1394,91,41,14
S001443,591,46,40,16
S001446,768,83,18,8
S001449,869,18,42,16
S001471,702,86,43,14
S001473,703,87,43,13
S001508,582,42,52,25
S001509,593,47,35,17
S001516,553,142,60,22
S001517,552,141,65,23
S001518,551,139,58,21
S001519,552,141,65,23
S001520,829,88,54,25
S001521,827,88,55,25
S001522,828,91,51,19
S001523,676,81,69,29
S001524,851,90,54,20
S001525,851,86,54,25
S001526,851,86,54,25
S001527,850,87,53,21
S001528,820,152,59,26
S001566,1341,260,53,17
S001568,1622,350,46,15
S001569,1559,389,46,15
S001570,1553,386,52,18
S001572,1357,82,38,12
S001574,1352,83,45,15
S001576,546,162,32,13
S001577,612,146,36,17
S001578,541,159,47,20
S001585,964,113,38,18
S001588,1631,139,18,45
S001595,1593,144,39,12
S001597,1589,141,42,15
S001598,1593,144,39,12
S001599,1174,90,33,15
S001600,1217,113,30,10
S001601,1155,100,30,13
S001619,844,5,128,63
S001620,1522,136,37,14
S001621,1451,96,43,14
S001622,1450,93,48,16
S001623,1451,96,43,14
S001633,1212,65,26,10
S001634,1216,65,25,7
S001637,1173,91,35,11
S001640,1172,91,41,10
S001641,1458,80,42,15
S001642,1359,66,39,13
S001643,1348,65,41,16
S001644,1347,65,44,15
S001650,1276,0,34,15
S001662,954,14,41,15
S001663,951,12,41,17
S001685,963,115,38,15
S001686,964,108,39,16
S001696,701,298,32,12
S001707,1160,189,42,16
S001708,1082,184,31,12
S001709,1085,185,32,10
S001710,1018,89,32,16
S001714,1200,126,25,10
S001717,1225,119,31,11
S001721,1341,63,30,11
S001724,1332,220,37,14
S001740,880,25,127,45
S001742,1081,92,28,13
S001743,1427,32,66,24
S001744,1430,30,65,22
S001745,1458,24,71,28
S001746,1462,31,65,22
S001749,1207,89,30,12
S001750,1446,113,37,14
S001751,1400,123,39,15
S001795,1024,19,55,20
S001797,996,15,61,27
S001798,1662,80,50,21
S001808,1356,115,38,15
S001809,859,31,94,28
S001813,1488,48,41,12
S001816,1348,122,59,33
S001817,1234,151,53,22
S001818,992,114,27,16
S001819,1045,100,38,19
S001820,1072,72,48,20
S001823,1655,103,17,9
S001828,1422,85,60,30
S001834,3,68,39,33
S001835,0,78,43,18
S001840,1284,151,68,30
S001843,966,215,20,8
S001847,1056,354,21,7
S001856,997,18,55,20
S001858,1663,77,48,25
S001859,1659,163,40,23
S001860,1657,164,45,23
S001862,1653,162,46,26
S001863,1695,173,50,23
S001865,1706,172,46,24
S001866,1698,170,49,26
S001875,854,8,111,58
S001876,549,16,33,15
S001877,549,15,36,17
S001886,517,36,19,10
S001887,516,35,20,10
S001889,517,39,20,9
S001903,1301,71,30,11
S001916,590,161,20,8
S001918,1060,67,79,36
S001928,994,11,55,23
S001929,992,9,61,21
S001939,1666,78,46,23
S001940,1663,77,51,23
S001941,1592,137,41,19
S001942,1590,135,45,25
S001943,1592,137,41,19
S001944,1592,137,41,19
S001945,1592,137,41,19
S001946,1762,154,66,39
S001947,885,63,35,20
S001947,1751,142,85,55
S001949,1525,66,46,22
S001950,1536,65,45,21
S001955,920,119,45,18
S001956,934,118,44,15
S001957,730,157,54,24
S001968,1209,114,43,14
S001969,1209,114,43,14
S001974,651,184,35,17
S001976,957,250,46,21
S001978,958,253,44,15
S002106,1227,136,47,16
S002115,1763,159,59,23
S002282,721,132,46,24
S002283,1393,162,22,34
S002285,1393,162,22,34
S002286,1393,162,22,34
S002288,1393,162,22,34
S002297,1475,53,45,19
S002298,1477,55,38,14
S002299,1143,25,35,17
S002300,1147,28,30,14
S002301,1147,28,30,14
S002303,1110,128,38,17
S002304,1109,130,39,17
S002305,1110,128,40,17
S002306,1113,129,35,16
S002308,1112,128,39,17
S002309,1113,128,42,17
S002341,1815,185,53,28
S002342,1438,52,45,19
S002351,1007,133,36,16
S002366,597,1,60,26
S002367,1169,31,30,15
S002370,1325,106,41,20
S002372,680,102,45,13
S002380,1213,65,32,12
S002382,1212,66,31,13
S002384,942,106,44,18
S002386,1169,92,39,20
S002387,1157,87,44,20
S002390,1157,99,38,15
S002391,1159,95,37,16
S002393,1154,97,41,22
S002394,1353,45,39,21
S002395,1354,47,37,15
S002400,1132,85,33,16
S002401,1133,86,30,14
S002402,1132,87,32,14
S002406,1112,101,48,21
S002413,1062,52,51,25
S002419,1379,46,39,18
S002420,1380,46,40,17
S002435,1244,71,42,17
S002436,1241,71,48,22
S002437,1242,73,46,20
S002438,1241,66,50,26
S002440,1240,71,50,21
S002441,1239,68,50,27
S002467,1033,128,43,18
S002468,1033,127,42,17
S002480,1667,65,21,11
S002486,1381,69,39,16
T003999,553,184,36,18
T004242,1185,163,49,14
T004243,940,116,44,17
T004553,1039,159,38,16
T004554,1379,142,26,11
T004601,542,543,29,10
T004615,1097,205,84,27
T004627,814,131,108,49
T004629,1210,16,108,50
T004633,1126,226,64,34
T004658,721,642,23,8
T004663,728,493,57,22
T004719,512,358,79,27
T004934,1334,182,32,75
T005033,722,180,35,12
T005034,1160,168,76,25
T005370,568,635,37,13
T005452,1136,161,40,18
T006221,819,113,39,18
T006222,1132,174,54,22
T008037,1870,245,44,17
T009034,1438,53,47,17
T014670,1339,66,31,16
T014680,1161,322,28,9